etaBins,1,2,3,4,5,6,7,8,9,10,11,12,13,14,15,17,20,23,27,30,35,40,45,57,72,90,120,150,200,300,400,550,750,1000,1500,2000,2500,3000,3500,4000,4500,5000,10000
-4.889,0.9999999987838994,0.9999999987838994,0.9999999987838994,0.9999999987838994,0.0,0.9999999987838994,0.9999999987838994,0.9999999987838994,0.8241024262818091,0.0,0.0,1.3251154861199852,0.37578061086680414,0.0,0.5745259775663756,0.46008819951477964,0.5621523863270494,0.5022359059116364,0.4999695989539913,0.5082014024337972,0.5647649872213297,0.0,0.6499999997416246,0.0,0.9999999987838994,0.9999999987838994,0.9999999987838994,0.9999999987838994,0.9999999987838994,0.9999999987838994,0.9999999987838994,0.9999999987838994,0.9999999987838994,0.9999999987838994,0.9999999987838994,0.9999999987838994,0.9999999987838994,0.9999999987838994,0.9999999987838994,0.9999999987838994,0.9999999987838994,0.9999999987838994,0.0
-4.716,0.9999999987838994,0.9999999987838994,0.9999999987838994,0.0,0.9999999987838994,0.9999999987838994,0.9250486711178482,0.9760747525358482,0.5777921240957565,1.3750071241956892,0.6531848468805421,0.850000000003595,0.0,0.6249996105564167,0.7500000003482652,0.7749999995662061,0.7659793669546556,0.7612319074937226,0.6762622979656705,0.726345963151763,0.6507047373465183,0.6979906960447996,0.7749950452315129,0.8246607789881103,0.9999999987838994,0.0,0.9999999987838994,0.9999999987838994,0.9999999987838994,0.9999999987838994,0.9999999987838994,0.9999999987838994,0.9999999987838994,0.9999999987838994,0.9999999987838994,0.9999999987838994,0.9999999987838994,0.9999999987838994,0.9999999987838994,0.9999999987838994,0.9999999987838994,0.9999999987838994,0.0
-4.538,0.9999999987838994,0.9999999987838994,0.9999999987838994,0.9999999987838994,0.9999999987838994,0.9999999987838994,0.9760747525358482,0.749999997547013,0.7750000001868704,0.5226537476318693,0.8276442020302034,0.6188455674916392,1.001257175619608,0.8749999706110292,0.7969935847490134,0.7870493188842647,0.6734285961923987,0.8052230984153507,0.8808477100934259,0.8667464092000274,0.8006227177286734,0.8477678318387659,0.8132017125792635,0.8910224317358686,0.9999999987838994,0.0,0.9239014415821786,0.9999999987838994,0.9999999987838994,0.9999999987838994,0.9999999987838994,0.9999999987838994,0.9999999987838994,0.9999999987838994,0.9999999987838994,0.9999999987838994,0.9999999987838994,0.9999999987838994,0.9999999987838994,0.9999999987838994,0.9999999987838994,0.9999999987838994,0.0
-4.363,0.9999999987838994,0.9999999987838994,0.9999999987838994,0.9999999987838994,0.9999999987838994,0.9999999987838994,1.2745966567529683,0.7500000000000001,0.0,0.8750000000076583,0.9253135300046508,1.0205358200202908,1.01870381367596,0.9500000000000001,0.7750007967085335,0.8222849154007857,0.7313974795493999,0.8553577453796393,0.7166989393374407,0.9348208389690521,0.9337049671094143,0.8742930542702724,0.8554375603497126,0.8951966221702434,0.8962506005472558,0.9999999987838994,0.9999999987838994,0.9999999987838994,0.9999999987838994,0.9999999987838994,0.9999999987838994,0.9999999987838994,0.9999999987838994,0.9999999987838994,0.9999999987838994,0.9999999987838994,0.9999999987838994,0.9999999987838994,0.9999999987838994,0.9999999987838994,0.9999999987838994,0.9999999987838994,0.0
-4.191,0.9999999987838994,0.9999999987838994,0.9999999987838994,0.9999999987838994,0.9999999987838994,0.9999999987838994,0.9999999987838994,0.0,1.0249999999795565,0.8101096051482389,0.8596661380618323,0.8712459829042436,0.8523061445875417,0.8226912947656819,0.8399963354047183,0.8574313283043813,0.88857164027615,0.8220240963770882,0.8777658854665203,0.8784081279543394,0.9019670730494651,0.9135094452622572,0.9641006453313293,0.9099898615925246,0.8951726769090415,0.9999999999531931,1.0499999999665286,0.9999999987838994,0.9999999987838994,0.9999999987838994,0.9999999987838994,0.9999999987838994,0.9999999987838994,0.9999999987838994,0.9999999987838994,0.9999999987838994,0.9999999987838994,0.9999999987838994,0.9999999987838994,0.9999999987838994,0.9999999987838994,0.9999999987838994,0.0
-4.013,0.9999999987838994,0.9999999987838994,0.9999999987838994,0.9999999987838994,0.9999999987838994,0.9999999987838994,0.9760747525358482,0.9771540247058358,0.3750486576279074,0.0,1.0477916417857753,0.6708338015510559,0.8569271984299638,0.7391790405439672,0.8453383817473199,0.795775686807849,0.8527947698115256,0.9207650217009417,0.7854569510479547,0.7848032033296027,0.88307000417162,0.8593713773023045,0.8714143084390569,0.9057274556211306,0.9946262245148821,0.998611441669425,0.9256120471441384,0.9999999987838994,0.9999999987838994,0.9999999987838994,0.9999999987838994,0.9999999987838994,0.9999999987838994,0.9999999987838994,0.9999999987838994,0.9999999987838994,0.9999999987838994,0.9999999987838994,0.9999999987838994,0.9999999987838994,0.9999999987838994,0.9999999987838994,0.0
-3.839,0.9999999987838994,0.9999999987838994,0.9999999987838994,0.9999999987838994,1.7250000012636173,0.0,1.2248295602954273,0.9998118661802688,0.7725821350219427,0.8238030931839143,0.6542802248821383,0.8744587859162608,0.9004645788398884,0.8705408864307409,0.8720474247436814,0.8830378397487763,0.9428665363288651,0.8675251064044217,0.8677671114904707,0.910240705378802,0.9702009765356537,0.8159856764007025,0.8931779263905943,0.8988940955137876,0.9507992389642105,0.9620486989487278,1.0442838744608665,0.8749999957950718,0.9999999987838994,0.9999999987838994,0.9999999987838994,0.9999999987838994,0.9999999987838994,0.9999999987838994,0.9999999987838994,0.9999999987838994,0.9999999987838994,0.9999999987838994,0.9999999987838994,0.9999999987838994,0.9999999987838994,0.9999999987838994,0.0
-3.664,0.9999999987838994,0.9999999987838994,0.9999999987838994,0.9999999987838994,2.379044071049307,0.0,0.9760747525358482,1.124992289336534,1.5207851825999976,0.7276318212323687,0.8156422819722982,1.0126209337746919,0.6886371065524316,0.7143258528388168,0.7319878084190043,0.9211086912169869,0.9062479774859505,0.8647453613168147,0.8250662551346958,0.8959442076798788,0.8698146704959032,0.8508144037297578,0.9071505385769949,0.8866858340308359,0.9465446259693787,0.9252740820600499,0.9163897847443409,0.924652701230155,0.9760747525358482,0.9999999987838994,0.9999999987838994,0.9999999987838994,0.9999999987838994,0.9999999987838994,0.9999999987838994,0.9999999987838994,0.9999999987838994,0.9999999987838994,0.9999999987838994,0.9999999987838994,0.9999999987838994,0.9999999987838994,0.0
-3.489,0.9999999987838994,0.9999999987838994,0.9999999987838994,0.9999999987838994,0.9999999987838994,0.9999999987838994,0.6868101449239761,0.6434158907307089,0.9749022090141325,0.5989215393289564,0.9749999999502449,0.9610572072215041,0.6895966807263625,0.7433619959620742,0.7825017292074544,0.7628790084912721,0.8840724845367613,0.7357126220312873,0.7932210123520718,0.8167478966328664,0.8843271562581846,0.8244369168962346,0.8252884454083642,0.8997352505377221,0.8221969928912407,0.8928763646346475,0.9065100255422474,0.9506295335632353,0.9651499079940647,0.8241024262818091,0.9999999987838994,0.9999999987838994,0.9999999987838994,0.9999999987838994,0.9999999987838994,0.9999999987838994,0.9999999987838994,0.9999999987838994,0.9999999987838994,0.9999999987838994,0.9999999987838994,0.9999999987838994,0.0
-3.314,0.9999999987838994,0.9999999987838994,0.9999999987838994,0.9999999987838994,1.8245364220922768,-1.8255619893342911,0.37500000000289263,0.9999999987838994,0.9749999998639368,1.0612809850667,0.5,0.5311180994245281,0.671981060798412,0.7456270233017432,0.7407645220572722,0.5834777229060598,0.7754260201101848,0.8130708416489908,0.790865303296359,0.7455791793892436,0.8134985306843092,0.8153842559760247,0.8472918381941789,0.8260779168935175,0.908333605741495,0.9170958297186046,0.9674385757726922,1.0214069822635758,1.0433411025035157,1.1749524984654423,0.9999999987838994,0.9999999987838994,0.9999999987838994,0.9999999987838994,0.9999999987838994,0.9999999987838994,0.9999999987838994,0.9999999987838994,0.9999999987838994,0.9999999987838994,0.9999999987838994,0.9999999987838994,0.0
-3.139,0.9999999987838994,0.9999999987838994,0.9999999987838994,0.9999999987838994,0.0,0.9973220826029667,0.47621065179044114,1.0207236659578662,0.7964998679255677,0.0,0.7391872797091964,0.8975469313932638,0.0,0.4522238191334849,0.4947965943522941,0.6793518553262627,0.604820624861018,0.5482837900274292,0.4606396360587307,0.6052583876947246,0.647851360536704,0.6375428426780168,0.6424096029788878,0.6367485841115159,0.7395200149483978,0.7432275388768743,0.717145687260271,0.815491006208448,0.8132034524715476,0.9955319137956016,0.9999999987838994,0.9999999987838994,0.9999999987838994,0.9999999987838994,0.9999999987838994,0.9999999987838994,0.9999999987838994,0.9999999987838994,0.9999999987838994,0.9999999987838994,0.9999999987838994,0.9999999987838994,0.0
-2.964,0.9999999987838994,0.9999999987838994,0.9999999987838994,0.9999999987838994,0.0,1.575370038685073,3.9354658845780373,0.9999999987838994,0.5226537476318693,0.725000000027055,0.30223900628530626,-1.6065178955710342,0.7726268707931294,0.5349996092103937,0.5115885663302859,0.5057245545836541,0.587332907265228,0.6345048916312422,0.6895220011648174,0.6793036531552211,0.6185312779690874,0.6323554241234577,0.5868923249838786,0.6493296781867928,0.7600689890256885,0.7467677405154703,0.7708816272648618,0.7519076677843127,0.8501309062631205,0.7998924093275354,0.0,0.9999999987838994,0.9999999987838994,0.9999999987838994,0.9999999987838994,0.9999999987838994,0.9999999987838994,0.9999999987838994,0.9999999987838994,0.9999999987838994,0.9999999987838994,0.9999999987838994,0.0
-2.853,0.9999999987838994,0.9999999987838994,0.9999999987838994,0.9999999987838994,0.9999999987838994,1.8245364220922768,0.0,0.6989326060336956,0.2250682008956333,0.6290371511997342,0.7123639214097985,0.6738654594907264,0.6198567599853373,0.6578396416285907,0.6168977883179974,0.6144541010183209,0.6790694919722877,0.6775553508324427,0.6343758208111501,0.616159714434893,0.7440799202188032,0.6953934685096698,0.7378369454886563,0.7590987123574908,0.7728470269994135,0.7870592638605294,0.7949150729618597,0.8569909722723938,0.8980774801272392,0.8804491746630286,0.8996766257655846,0.9999999987838994,0.9999999987838994,0.9999999987838994,0.9999999987838994,0.9999999987838994,0.9999999987838994,0.9999999987838994,0.9999999987838994,0.9999999987838994,0.9999999987838994,0.9999999987838994,0.0
-2.65,0.9999999987838994,0.9999999987838994,0.9999999987838994,0.9999999987838994,0.9999999987838994,0.7266960424733736,0.7511545064469967,0.7387662090275595,-1.4546023608996606,1.1999999999998006,0.7537192199686145,0.6249996105564167,0.6235636279265251,-5.152306806290462,0.5273876934503008,0.6834626289646853,0.7278496998827757,0.688409961125442,0.6105464797423851,0.7251466015058121,0.7790217211066447,0.8189373231062309,0.7384549095051903,0.7748308201826859,0.8268283582587779,0.8639307243278292,0.8271622076605764,0.8358102455672048,0.8777343893666777,0.9254516463905589,0.9445704194465196,0.0,0.9999999987838994,0.9999999987838994,0.9999999987838994,0.9999999987838994,0.9999999987838994,0.9999999987838994,0.9999999987838994,0.9999999987838994,0.9999999987838994,0.9999999987838994,0.0
-2.5,0.9999999987838994,0.9999999987838994,0.9999999987838994,0.9999999987838994,0.9999999987838994,1.1750153845202527,0.6216257198717338,0.7775432297306707,0.47408003103395274,0.4866423598637757,1.074135655021626,0.09018845657634955,0.5714777427610795,0.5329658389585846,0.6620065726550022,0.7225610886404157,0.6680730892582449,0.6997029405375764,0.7875215880091175,0.7577373321658204,0.7868564842408609,0.790715045792219,0.8291924610431618,0.8647060765315254,0.8284987899173669,0.8421706846596669,0.8888771842563773,0.8941785813254234,0.9025153214137821,0.9404532941862814,0.9140336162530835,0.9376852134294527,0.9999999987838994,0.9999999987838994,0.9999999987838994,0.9999999987838994,0.9999999987838994,0.9999999987838994,0.9999999987838994,0.9999999987838994,0.9999999987838994,0.9999999987838994,0.0
-2.322,0.9999999987838994,0.9999999987838994,0.9999999987838994,0.9999999987838994,0.9999999987838994,0.0,0.9999999987838994,1.0746626326950655,0.3968509962692573,0.8144474976530127,0.6664107773999702,0.7750000000057911,0.7605449238440365,0.8007378550888371,0.7359691804433262,0.7126632292801616,0.8516199914997249,0.7488552026104967,0.7975118442893139,0.7673387665177472,0.7663808119114546,0.8130094470884571,0.8680599759103033,0.8283274811767468,0.8625643773656276,0.8423385193281083,0.8732316895525072,0.8801071988332437,0.8943029660285784,0.8940401364928567,0.9194934472083413,0.9548775578812444,0.926546172615702,0.9999999987838994,0.9999999987838994,0.9999999987838994,0.9999999987838994,0.9999999987838994,0.9999999987838994,0.9999999987838994,0.9999999987838994,0.9999999987838994,0.0
-2.172,0.9999999987838994,0.9999999987838994,0.9999999987838994,0.9999999987838994,0.9999999987838994,1.6692813432236966,0.9999999987838994,0.37500005782263107,0.0,0.9999999987838994,0.2283941806891638,0.9753353209795788,0.5055289299291313,0.7574927365824974,0.8255262425132007,0.7696621966020784,0.7401576100888142,0.7525642685299638,0.8778884849794892,0.8636284847769288,0.8333288637284452,0.8353987795533349,0.8633473693900867,0.882321801032924,0.8585353380862092,0.8682349356639212,0.8624322295940885,0.8898437684307373,0.892696728264837,0.9212423766308835,0.9108527669209747,0.9310258850361957,0.9592489124642662,0.0,0.9999999987838994,0.9999999987838994,0.9999999987838994,0.9999999987838994,0.9999999987838994,0.9999999987838994,0.9999999987838994,0.9999999987838994,0.0
-2.043,0.9999999987838994,0.9999999987838994,0.9999999987838994,0.0,0.8241024262818091,0.0,0.1745336773924069,0.17015117992404935,0.6517459623424309,0.28616871166166924,0.9000000000000777,0.7885633467136575,0.624999999999713,0.5391561423670866,0.6915429872030634,0.7827031667297023,0.7595151794995925,0.7737513011674801,0.8392325741148406,0.7867865736044166,0.8192943536296277,0.8190157529618869,0.8304956644100084,0.8479252560023677,0.8760969736532019,0.8662046572305399,0.8900040850773583,0.884608715044438,0.9023483952578805,0.9083044587761665,0.9349329186022551,0.9375782261032963,0.9385202564702718,0.0,0.9999999987838994,0.9999999987838994,0.9999999987838994,0.9999999987838994,0.9999999987838994,0.9999999987838994,0.9999999987838994,0.9999999987838994,0.0
-1.93,0.9999999987838994,0.9999999987838994,0.9999999987838994,0.9999999987838994,0.9999999987838994,0.0,0.0,0.0,0.350186662766646,0.0,0.8932514722722349,0.7000000000000001,0.44985631622518474,0.5631220171018283,0.6406191794293523,0.8632313572800091,0.7249255928099612,0.8210404138966616,0.787797106806054,0.8184893865441575,0.8443992054650683,0.9186727249177129,0.8454561498538379,0.8673510871374632,0.8430936421968179,0.8757707048372385,0.878193537342584,0.8720210715726042,0.9129439477761966,0.9196030745303235,0.9259443782432188,0.9181021168601136,0.9519778264370259,0.9490930924669857,0.9999999987838994,0.9999999987838994,0.9999999987838994,0.9999999987838994,0.9999999987838994,0.9999999987838994,0.9999999987838994,0.9999999987838994,0.0
-1.83,0.9999999987838994,0.9999999987838994,0.9999999987838994,0.9999999987838994,0.9999999987838994,0.9999999987838994,0.0,0.0,2.3248458250593274,1.072605872419927,0.7750000023656083,0.673052485672269,0.9623698918368053,0.5777057187469041,0.6871189125896897,0.7289875865840557,0.8489047941126218,0.7772018295880866,0.8410029765410292,0.822710250409524,0.8275744334122523,0.8445804342895297,0.8665731932468179,0.9016684914871468,0.8692412800264175,0.8858316541603528,0.8830019573245459,0.8909263514442799,0.910367640470948,0.9422833568485446,0.9113701334997026,0.9500688743184608,0.9362342587577193,0.9631596602059398,0.9999999987838994,0.9999999987838994,0.9999999987838994,0.9999999987838994,0.9999999987838994,0.9999999987838994,0.9999999987838994,0.9999999987838994,0.0
-1.74,0.9999999987838994,0.9999999987838994,0.9999999987838994,0.9999999987838994,0.9999999987838994,0.9999999987838994,1.0746626326950655,1.2437268977342608,0.4249999998124004,0.6397444038052484,0.42876945277109924,1.106040448358662,1.4250000000910814,0.9749508157279247,0.7250757372170135,0.7667662187641272,0.823961686240713,0.8537399726157142,0.9344904932920838,0.838664222228824,0.9032064196405399,0.8805898260563493,0.8559988034061934,0.8731867670285381,0.893338213479198,0.9004074023077933,0.8841103850728123,0.90143301145343,0.9198819797703197,0.9161549201405352,0.9162022064722777,0.9179240734542727,0.9300324222854645,0.9443449122503026,0.9999999987838994,0.9999999987838994,0.9999999987838994,0.9999999987838994,0.9999999987838994,0.9999999987838994,0.9999999987838994,0.9999999987838994,0.0
-1.653,0.9999999987838994,0.9999999987838994,0.9999999987838994,0.9999999987838994,0.9999999987838994,0.9999999987838994,0.9999999987838994,0.6985086617642311,1.0288756091421594,0.9999999987838994,0.874999999573642,0.8849437915958548,0.0,1.1075001453859807,0.6374842983875147,0.8059409171846322,0.884867613154699,0.8880452168276618,0.8420003625778226,0.9315295392590293,0.8506520784471855,0.9326044931216553,0.8953784633875859,0.8999034671135482,0.8829107261986996,0.867569779769012,0.9137556926748913,0.9175963444113314,0.9272046442941744,0.9491982452303178,0.9298600657071563,0.9410557538338715,0.9309147568956654,0.9670973949680486,1.0000000000005664,0.9999999987838994,0.9999999987838994,0.9999999987838994,0.9999999987838994,0.9999999987838994,0.9999999987838994,0.9999999987838994,0.0
-1.566,0.9999999987838994,0.9999999987838994,0.0,0.9999999987838994,0.9999999987838994,0.0,0.0,0.9999999987838994,0.42499198730392146,0.621905436715005,0.8999999765434666,0.5903872151953407,0.3023777472437799,0.6367692934835981,0.6110536960667944,0.7112285895673212,0.6783083386130614,0.8970910205244934,0.7961340613651304,0.8638115142730636,0.9568209792873492,0.7599012232685912,0.8828739244620337,0.9071192181126722,0.871420169605191,0.84897635499839,0.9044104259213073,0.9024705209360551,0.8979866016425719,0.9137815702310879,0.9086202031515904,0.9293422602684954,0.9158927212592253,0.9541027244715771,0.9509292615414479,0.9999999987838994,0.9999999987838994,0.9999999987838994,0.9999999987838994,0.9999999987838994,0.9999999987838994,0.9999999987838994,0.0
-1.479,0.9999999987838994,0.9999999987838994,0.9999999987838994,0.9999999987838994,0.0,0.9999999987838994,0.9345901383045677,0.5226537476318693,0.5749999705916641,0.9706102080193937,1.1277114592965696,0.9249967389352747,0.45302286529033226,0.683117614812654,0.9792504461074021,0.7052720243530134,0.8358075606249638,0.768397297108095,0.8834228459608728,0.8778601711680004,0.9253407098594986,0.8664743067219339,0.895012897932689,0.8826089168310736,0.8607058633042258,0.8461272402331603,0.8528468202976232,0.8725090111309278,0.8772981390556736,0.8860257184166475,0.9071100047587187,0.8892638367015508,0.9143482160907882,0.9123279780833309,0.9250000000021805,0.0,0.9999999987838994,0.9999999987838994,0.9999999987838994,0.9999999987838994,0.9999999987838994,0.9999999987838994,0.0
-1.392,0.9999999987838994,0.9999999987838994,0.9999999987838994,0.9999999987838994,0.9999999987838994,0.0,1.2248295602954273,0.774999826802887,0.0,0.8241024262818091,0.6499999997416246,0.37479379579552924,0.6640037055285208,0.7603893856528234,0.8584245006852187,0.8037385790320397,0.8201086936676195,0.910847000947444,0.8301402524593485,0.9054048176115193,0.7719195420560986,0.8994327783090976,0.8909305513690651,0.8986744515506137,0.8756184947964594,0.8951175090610235,0.8909084377320302,0.8808306647233269,0.8829687236204404,0.886679855233245,0.886097304767995,0.8760643373999245,0.9163991407664976,0.90993706543275,0.8911128626502098,0.9501088431732573,0.0,0.9999999987838994,0.9999999987838994,0.9999999987838994,0.9999999987838994,0.9999999987838994,0.0
-1.305,0.9999999987838994,0.9999999987838994,0.9999999987838994,0.9999999987838994,0.9999999987838994,0.9999999987838994,0.9999999987838994,0.5750000009432417,0.9999999987838994,1.1721241807671892,0.3528927183457039,0.2748766658436121,0.7609767746366966,0.8536570751592361,0.8000368956924848,0.8878592622380349,0.8393119982040022,0.7825351525896694,0.8945405998461603,0.9060324657436397,0.893954117314483,0.896731907001446,0.8865613424876613,0.8816588786237594,0.8875557432457225,0.8485013042427878,0.9017226728921003,0.8785054639362962,0.8585849252370679,0.8752032144180233,0.8733565908705695,0.8881928953583174,0.8831060944919502,0.887403831986352,0.9111958089104475,0.8971152393190722,0.9999999987838994,0.9999999987838994,0.9999999987838994,0.9999999987838994,0.9999999987838994,0.9999999987838994,0.0
-1.218,0.9999999987838994,0.9999999987838994,0.9999999987838994,0.9999999987838994,0.9999999987838994,0.9999999987838994,0.9999999987838994,0.5410916607595033,0.0,0.7499996941301342,1.2251966151325893,0.675452671642167,0.507359562342478,0.8727557925239012,0.8448428222261196,0.7653950006211897,0.7873505721410821,0.8500282377277804,0.8924592679499863,0.8656818321839449,0.861731539831997,0.8208994342248498,0.928801539272505,0.8799797841789738,0.9057350948612374,0.9143860871367006,0.9067064696393949,0.916009395176548,0.8760829288437528,0.8627201142392666,0.8831079414042141,0.8865239796239934,0.8977739159714395,0.894245878294802,0.8875784336895599,0.8888335521619628,0.9249999999999944,0.9999999987838994,0.9999999987838994,0.9999999987838994,0.9999999987838994,0.9999999987838994,0.0
-1.131,0.9999999987838994,0.9999999987838994,0.9999999987838994,0.9999999987838994,0.9999999987838994,0.6278288252568075,0.4618033115357445,0.0,-0.03017514278566327,0.8999997693847821,0.7162106798913699,0.3995785023527932,0.9531840362897431,0.4620797928505369,0.7908568974563622,0.9247575753091035,0.7556677907681164,0.8288924185663866,0.988304716817594,0.9916907616599518,0.8026339866627535,0.8970675677394877,0.925988931487778,0.90683894590192,0.9109531762490741,0.9063397314646647,0.9186869146834038,0.9045636559359286,0.916402334220108,0.905785328187124,0.9059770959479352,0.9075793279396431,0.9031296433362828,0.9148138535890904,0.9089839263893975,0.927295668775445,0.9310164433030861,0.9239014415821786,0.9999999987838994,0.9999999987838994,0.9999999987838994,0.9999999987838994,0.0
-1.044,0.9999999987838994,0.9999999987838994,0.9999999987838994,0.9999999987838994,3.9354658845780373,0.2778361749524872,0.47499999990817976,0.27499999625657723,1.374131120699076,0.8334766978595858,1.2000053811005322,0.6130686968772567,0.7759134612692861,0.614772023118828,0.8111847849423446,0.9322853847879276,0.9290565633295104,0.8945056855581759,0.9046475206077758,0.9193671528038172,0.883448397350376,0.909260240928204,0.92793630414225,0.9222582148222085,0.9294662184742498,0.9130501226148466,0.9050416988083204,0.8939783650348676,0.9144886969470423,0.9105784845977447,0.9221153673647197,0.923786344504095,0.9325381657821075,0.924538479054612,0.9300434505524717,0.9341064131159076,0.9247552043470079,0.9336791919490282,0.9999999987838994,0.9999999987838994,0.9999999987838994,0.9999999987838994,0.0
-0.957,0.9999999987838994,0.9999999987838994,0.0,0.9999999987838994,0.9999999987838994,0.0,0.17015117992404935,0.9999999987838994,0.1751441326328415,0.0,1.497261322812378,0.7999999999385462,0.4477288430549808,0.748631568882287,1.0958473661243884,0.7384637559569811,0.9133280872721609,0.88861077101832,0.8179381064897864,0.9351931982733188,0.9251799097862918,0.9278202032559727,0.9088899225273265,0.9269399455605665,0.9507021237456733,0.9400860224048878,0.9223708666365168,0.9076057036927844,0.9154802672417318,0.9093027532220277,0.9129980069453635,0.9224408432256224,0.9184270440838553,0.9207965162355167,0.9386945203120043,0.9395118728808676,0.925991962997472,0.9250000000097446,0.8522488708964518,0.9999999987838994,0.9999999987838994,0.9999999987838994,0.0
-0.879,0.9999999987838994,0.9999999987838994,0.9999999987838994,0.9999999987838994,0.3246160510338322,0.9999999987838994,0.5721757591907505,0.5785971575848737,0.8498593494870155,0.5482409296195766,0.7250000001993271,0.0,0.9298014608758403,0.6443563287521693,0.8178801894480789,0.9886930207897324,0.9549738314867328,0.8605867016812982,0.935107887359188,0.8598571430000909,0.921996508766899,0.8785323616747778,0.91873942386844,0.8981509518557733,0.9303603629715627,0.9420980795515617,0.9215395831848132,0.9487820052084623,0.9178523947395771,0.9252501441095696,0.920074762130183,0.9263080259743672,0.9303856126920883,0.9335779535393767,0.9396012337773928,0.9386779687720953,0.9369099574603518,0.9474681028440332,0.9522082409349609,0.9999999987838994,0.9999999987838994,0.9999999987838994,0.0
-0.783,0.9999999987838994,0.9999999987838994,0.9999999987838994,0.9999999987838994,0.6237397794815225,0.0,0.0,0.5265657594327099,0.6537085769419969,0.3728116344270906,0.70744547020963,0.8034239346886913,0.8000000002041011,0.7894492181683312,0.6549819646438892,0.8455830765563389,0.9026284592501268,0.8831744790235776,0.8387382995334922,0.8585145514274461,0.9067793556733879,0.8759734970840913,0.9376050260219078,0.9010359983980955,0.9239159708993206,0.9291578205287188,0.9541202281968889,0.9341630919295391,0.9178301352945128,0.9425809746992266,0.9237726078398918,0.9293639794880408,0.934277873355083,0.935627996691231,0.9367621543256115,0.943088265955018,0.954833634875805,0.9494409931002055,0.9448530136063306,0.959989817175628,0.9999999987838994,0.9999999987838994,0.0
-0.696,0.9999999987838994,0.9999999987838994,0.9999999987838994,0.9999999987838994,0.9999999987838994,1.1224788229647886,0.5996118791007434,0.672526034845155,0.6723993660579619,0.9176686833551679,0.6749999999874484,0.6749999984843807,0.31311980547528195,0.7679931905705092,0.5974663576403612,0.7802376548511004,0.8109353946064728,0.8634490530475462,0.9063548388631824,0.8578823392152561,0.9104396870184492,1.0028871049353465,0.9475949238562117,0.9424154353672681,0.9248881997808316,0.9245431424374876,0.9451378320967473,0.9527774353866638,0.9358930422439172,0.9392438565646014,0.919984676555988,0.9404970201433519,0.943596650567049,0.9409028066025362,0.9508196812391321,0.9438283534610422,0.9536282692180924,0.9487103835941827,0.936448858083818,0.9322186549187217,0.8750000000076583,0.9999999987838994,0.0
-0.609,0.9999999987838994,0.9999999987838994,0.9999999987838994,0.9999999987838994,2.673892672053275,0.3750000580689871,0.0,0.8766478377413282,0.49771712789844025,0.5753380547366562,-0.11403796511903555,0.5895556575607095,0.6777391512521415,0.9750689041348587,0.7880532107561944,0.8790856229155654,0.887577373664483,0.8426306818894799,0.8751236491317816,0.9786468070339782,0.8741685773660286,0.9079735641785078,0.9084568516732652,0.9360382857240155,0.9329043949183471,0.9482418370368355,0.9423733586964546,0.9523917989320654,0.9405200782944483,0.9303750851301297,0.9372473897399385,0.9368465193894825,0.9468762691439494,0.9426839118770841,0.9487907907847976,0.9542046276923474,0.9473972551173035,0.9506964426373667,0.9351832559260627,0.9041627170920536,0.9573693927294646,0.925000000003591,0.0
-0.522,0.9999999987838994,0.9999999987838994,0.9999999987838994,0.9999999987838994,0.8241024262818091,0.0,0.0,1.0499999986847208,1.079971645814027,0.7648983199651819,0.9255566700713969,0.5939003056980783,0.3521568506130042,0.6932051209390446,0.7126480383154106,0.8627490617836486,0.9148801355553661,0.9248984146785791,0.8930214281322939,0.9074744242387479,0.8355310814257063,0.926545298953379,0.9169940396004361,0.9497405040987499,0.9393549956415157,0.9498334642073915,0.9666017986895687,0.9418798929741704,0.9340317799444584,0.9391487767324649,0.9342346373382133,0.9354199245369096,0.9328506008049732,0.9426849508723283,0.944834998147933,0.9491512795063948,0.944730927446715,0.9577334736507944,0.9342699017035184,0.9411815480725824,0.9439740447748719,0.9196134938195684,0.0
-0.435,0.9999999987838994,0.9999999987838994,0.9999999987838994,0.9999999987838994,0.9999999987838994,1.0746626326950655,0.07569886904643171,1.4771426353976687,0.7713507430505376,0.32499999986868483,1.0499999999997256,0.2618304889833687,0.5954793262115042,0.7130472049225915,0.8004488093066082,0.905610069841438,0.8626916998126578,0.9325236063054263,0.925270979858801,0.8872635946956492,0.8982769169502338,0.9538232983064137,0.9193289261390221,0.9367722760722829,0.943898793756184,0.92968108331051,0.9504020111499112,0.9363351737895093,0.9221121872909553,0.9227320111601032,0.9447369476858163,0.9313806416955559,0.9365861507116608,0.9464502451049888,0.9480730471685804,0.9486539458513462,0.960420448437053,0.9515541765659244,0.9504550364281358,0.9638840450418037,0.925748600794357,0.9307258995129206,0.0
-0.348,0.9999999987838994,0.9999999987838994,0.9999999987838994,0.9999999987838994,0.9999999987838994,0.9999999987838994,0.1,0.0,0.7789092762112994,0.7753380029705568,0.6757632373611161,0.7738163116040581,0.9249022335530531,0.7831846500675952,0.9022505497578761,0.8467069552658473,0.837233539257899,0.8835312460637824,0.8618618865785421,0.9082913704829683,0.8679455404438102,0.8978457992627333,0.9196383393579982,0.9314523784577533,0.9543901552114715,0.960680151402512,0.9481132734899098,0.9440562879190428,0.9213282738837667,0.9374394532010467,0.9277950450644673,0.945652495901013,0.9386749575045249,0.9470065904912495,0.9509613897523713,0.9545273569837466,0.9581606157839071,0.9490352401184392,0.9566622680585773,0.9579449931714419,0.9465144289893513,0.9470723390590285,0.0
-0.261,0.9999999987838994,0.9999999987838994,0.9999999987838994,0.0,0.9999999987838994,0.9760747525358482,0.9999999987838994,0.1173027849169275,0.8067522965800766,-6.76292635282493,0.9999999987838994,0.8749513543523489,0.7517950707160662,0.9971370363438743,0.757454014344165,0.8009470053613206,0.8905637430461402,0.9627755463960107,0.9114285950782695,0.9303093237477789,0.9451068761265453,0.9444322505865649,0.9251755998701016,0.9281371795415779,0.9354628651273594,0.9305444515709396,0.9218107966855501,0.9440899327625983,0.9372958892724896,0.9457287190293835,0.9344821452425034,0.9273036338451582,0.9339142633099673,0.9451787243480757,0.9528025766132869,0.9559214693286471,0.9567297709483116,0.9581653022419249,0.9520143486167738,0.9562793793035876,0.9405957771598046,0.9351462704927702,0.0
-0.174,0.9999999987838994,0.9999999987838994,0.9999999987838994,0.9999999987838994,0.9999999987838994,1.8245364220922768,0.0,0.9999999987838994,0.524406089633099,0.29982174098341113,0.6466247672434048,0.8790631871831395,0.9206254701841244,0.7880634619756212,0.7781407477096983,0.6650595428710174,1.011377127786151,0.9476649917590462,0.8885710385335069,0.9032093368543654,0.9559404856739473,0.925337057798272,0.9060756297569833,0.9365948580582503,0.9070668802521712,0.934152466230668,0.9293883460743091,0.9398050524227647,0.9364637150365367,0.9341264913546116,0.938288880511456,0.9314696120537874,0.9536231182127749,0.9453447088115718,0.9553236804896534,0.9545575003065644,0.9489162363244513,0.9524928153072872,0.9520186395481158,0.956446622267462,0.9519737554132257,0.951505695200042,0.0
-0.087,0.9999999987838994,0.9999999987838994,0.9999999987838994,0.9999999987838994,0.9999999987838994,0.9999999987838994,0.4245330404742891,0.8241024262818091,0.8978442260895783,0.6700722999561808,0.7874231946051431,0.7647717474297253,0.44715863768203895,0.9522868544955028,0.8143251472069463,0.9082673616179278,0.900942731260697,0.8848104024483392,0.8752719653465091,0.9408062825376776,0.9404768809440924,0.9470878916490798,0.9624655868189266,0.9538184715799158,0.9336448674567361,0.9468620506975173,0.9579952170034727,0.9217668342002223,0.9271318951291175,0.9206858596986671,0.9380442530616085,0.9403761555045705,0.947411381996327,0.9464725482712809,0.954350327777769,0.957374389697943,0.9505209361702578,0.9520394210385722,0.9553896738616618,0.9512056576642696,0.9495121518463735,0.9480111876543103,0.0
0,0.9999999987838994,0.9999999987838994,0.9999999987838994,0.9999999987838994,0.0,0.9999999987838994,0.9999999987838994,1.0746626326950655,0.7999999768743647,-1.9856438118762534,0.8749999881261549,0.8421061114159215,0.8022338368984828,0.7038731034151562,0.8960092863696753,0.7864028893485782,0.8303431407770248,0.8741065204717685,0.8812557022046026,0.9272505994408521,0.9720953651505988,0.8991576715120209,0.9525445996674746,0.9546713038644062,0.9727199126210568,0.9265788532822685,0.9434641601758367,0.914835512916936,0.9351570078076236,0.9309825756102523,0.9305082420746609,0.9337849748674496,0.9393799486443242,0.9484794772806895,0.9509758884368291,0.95347109570814,0.9507620878712234,0.9586123208373806,0.9582127907098412,0.9628786603716455,0.9558616195041338,0.9398297352876326,0.0
0.087,0.9999999987838994,0.9999999987838994,0.9999999987838994,0.9999999987838994,0.9999999987838994,0.0,0.80984924576115,0.0,0.7551749095683084,0.9494310284732327,0.6743062842379187,1.225346177276606,0.9287374488498515,0.8438450292335645,0.8699021163707068,0.795649784563085,0.8808275421136316,0.9594224914470628,0.9011783430210749,0.8933508089463696,0.9503000287327095,0.940026062059231,0.9250885390530035,0.9865814441462283,0.9373445110220616,0.9620168419814538,0.9441190353584777,0.9405538471256562,0.9249950846885023,0.9354802346463758,0.9335623771047817,0.9438112870633348,0.9437687825292267,0.9462210740592206,0.9500823609349127,0.9525506926293477,0.9564484383206153,0.9587026050040577,0.9615561130279917,0.9556339146439019,0.9594652512588377,0.9431425540431757,0.0
0.174,0.9999999987838994,0.9999999987838994,0.9999999987838994,0.9999999987838994,0.0,0.9999999987838994,1.4734138014743263,0.9999999987838994,0.6200522727292505,0.8470023884152735,0.27466178735588725,0.7867732651096332,0.7750000012280222,0.9235623212538848,0.6431629808205432,0.8477506833582381,0.7509978400667077,0.8869308599686687,0.8771191279515594,0.8992886657144111,0.9320910296575902,0.9291265919952593,0.9601134979495224,0.9221530236201058,0.9481880332427075,0.9362350605567513,0.9246327149435267,0.9279161815839395,0.9399794594071645,0.9437474768937144,0.9408601961950308,0.9369153541880527,0.9469758942090744,0.945853914098682,0.951760312491872,0.9559315316319593,0.9555129272251449,0.9601388585220318,0.9598924449820898,0.9638300292919774,0.9474953317464563,0.9442235866189203,0.0
0.261,0.9999999987838994,0.9999999987838994,0.9999999987838994,0.9999999987838994,0.9999999987838994,0.9999999987838994,0.9999999987838994,0.0,-0.9228265915521157,-2.0452159009632216,0.0,1.048877042211247,1.1174441958461667,0.6644911758751179,0.811891648819976,0.8157455234722031,0.8278918759533996,0.8960118601582823,0.9181880287876893,0.8804240721582683,0.8859465106696344,0.8983806494330627,0.9439038995789257,0.9108023766897767,0.9044793709907757,0.9490823812216469,0.9236693627906556,0.9383405482796242,0.9367806133396214,0.9289946326046411,0.9205582627433991,0.9376354332744407,0.935888349376037,0.9431691641558793,0.9412140991468249,0.954391056863729,0.9516253442666809,0.958356637827245,0.948133264825723,0.9510673874782211,0.9543117177796693,0.9435380864500135,0.0
0.348,0.9999999987838994,0.9999999987838994,0.9999999987838994,0.9999999987838994,0.9999999987838994,0.9999999987838994,0.4841923686233085,0.4627409740376025,0.974997848789376,0.9999999987838994,0.7113201920828236,0.7682172143447931,0.7924184916711805,0.9348383631173398,0.8033990743183982,0.8464802579606128,0.9343861806688338,0.8961519938703614,0.9190179827454342,0.8436505513668027,0.8904427179985493,0.9347328357365587,0.9080000691713147,0.9418386551917884,0.9497365935209892,0.9458342839560782,0.9453111815670271,0.9406280557121413,0.9221092722891563,0.914469907959779,0.9379811237846727,0.9257809585761776,0.9451468465710521,0.9495582983912572,0.9561310889096785,0.9477957113860292,0.9533255298790427,0.9582939730754528,0.9577598183747853,0.9542632847882443,0.9412196007390077,0.9379313377273957,0.0
0.435,0.9999999987838994,0.9999999987838994,0.9999999987838994,0.9999999987838994,0.9999999987838994,0.0,0.0,0.9999999987838994,0.27499999630429756,1.275000000017347,0.8500000000000001,0.7240207763589727,0.6246605778393123,0.735594549032153,0.8857892003393197,0.8786637020334107,0.8619354741807522,0.8755288583768018,0.890099442413677,0.904271581428786,0.8816981766340676,0.9070184197900181,0.9644681897849666,0.9336485265466508,0.9238450886194011,0.9360773877936786,0.9452977380657419,0.9517624639741237,0.9425548690154331,0.9283828248249246,0.9297426707962546,0.9397809828687151,0.9323476760438189,0.9477310455187486,0.9516370739667719,0.9464286872361165,0.9471185221191448,0.9546095686096548,0.9434501153899136,0.9579394541358088,0.9534700488480408,0.9250000000336266,0.0
0.522,0.9999999987838994,0.9999999987838994,0.9999999987838994,0.9999999987838994,0.9999999987838994,0.0,0.9999999987838994,0.0,0.9250000000037779,0.8499999995731357,0.5978378802028401,0.6521908846738723,0.7719470485216045,0.8917950521786336,0.8893594404868818,0.8090877018289618,0.9303897292798532,0.9099253526598772,0.9214880599008478,0.9341012016532443,0.881803690291198,0.8959276330631865,0.9606436217561038,0.9417408398268168,0.9362214005997922,0.9520505205758435,0.9484264533522512,0.9131742541856317,0.9364634880733572,0.9335855846778944,0.9400744828561608,0.9251865505840708,0.9385094328001639,0.9472402378808721,0.9488717271499177,0.9527651066667382,0.9531438115205333,0.9560722903832637,0.957206242441053,0.945290747833516,0.9260737445926338,0.9132282077197665,0.0
0.609,0.9999999987838994,0.9999999987838994,0.0,0.0,0.0,0.12561339166113558,0.4753575168033994,0.999999999859943,0.7194166232848273,0.5755179599710134,0.0,0.4255589601786225,0.9,0.5965580159849471,0.7332891554614301,0.8667402667440317,1.0058616913476828,0.8571234120336835,0.9202363507454387,0.9262943639516455,0.8999684262592681,0.949818020316504,0.9272053931569588,0.8981118538046889,0.9364431592092082,0.9451876916690218,0.9676544345349534,0.9295986879269706,0.9301115936927216,0.9295143974271971,0.9413947694844403,0.9331841621676067,0.9339734105530363,0.947891086416004,0.9465902631253618,0.9500316879434358,0.9671382809349356,0.961199333945729,0.9565864557393361,0.9522215512937698,0.9742559219396704,0.9760747525358482,0.0
0.696,0.9999999987838994,0.9999999987838994,0.9999999987838994,0.9999999987838994,0.9999999987838994,0.9999999987838994,1.2499999998413367,-0.6779883260327627,0.35000000000000003,0.6227925607640549,0.6529777894575453,0.6249999999427632,0.7798209909267164,0.8108153557532071,0.8180885975259446,0.8487604779013512,0.8591098265929866,0.9052268720575525,0.8983209594555907,0.8900847467926871,0.9381906520455714,0.9178076313833573,0.891509930341376,0.9408706403336858,0.9112571195411251,0.9173828544132606,0.9499028875344027,0.9366013350291582,0.9232531979843087,0.9297901541582434,0.9387724429249623,0.9330333988731417,0.9246988030677705,0.9409843413110363,0.9445498385857531,0.9579755731771845,0.9504206093584908,0.9645198127741017,0.9248767504235104,0.0,0.9239014415821786,0.9999999987838994,0.0
0.783,0.9999999987838994,0.9999999987838994,0.9999999987838994,0.0,0.0,0.9999999987838994,0.0,0.0,0.8607506311069762,0.825193039079106,0.7843939121970376,0.7250359924342894,0.49259817289566615,0.8370394645299549,0.7798791877868579,0.8630202034018852,0.8163287743801579,0.8584193087813852,0.8808344612410189,0.8561808160011768,0.9178999112119974,0.8966337253513884,0.9518997415732434,0.9353636342432201,0.9081199328837578,0.9319942365702247,0.9252457141554197,0.9373373383697245,0.938618470849427,0.928225197813084,0.9056095639435,0.925665331290779,0.9209699444089026,0.9345578114793045,0.9296202322007577,0.935548990869203,0.9293156117284951,0.9290662677222518,0.9499999999990038,0.9239014415821786,0.9999999987838994,0.9999999987838994,0.0
0.879,0.9999999987838994,0.9999999987838994,0.9999999987838994,0.9999999987838994,0.9999999987838994,0.8241024262818091,0.8249689811275497,1.3277174267975662,0.4862301120571448,0.21076407714003403,1.3749344457102248,0.7718363639821616,0.6749759117178024,1.25,0.6859245470423059,0.7964808040690783,0.7867484188149758,0.8911957714246166,0.9437714106741533,0.8912531214345852,0.950892508079589,0.9692758392467955,0.8722806890131606,0.8890971638561299,0.9071919580159611,0.9129742308460069,0.9388468355800612,0.9271951744018448,0.9069295377533266,0.9195907981711684,0.9033648582287491,0.9306957059318758,0.9267262044809782,0.9305372366754224,0.9292423158476661,0.9328227370570864,0.9366693838109549,0.9361428850635528,0.0,0.9999999987838994,0.9999999987838994,0.9999999987838994,0.0
0.957,0.9999999987838994,0.9999999987838994,0.9999999987838994,0.9999999987838994,0.9999999987838994,-1.8255619893342911,0.9999999987838994,0.0,1.0499999986847208,0.0,0.9500000003810524,0.6183689085972626,0.7095447699038272,0.75459808932181,0.6727283473003024,0.8452336620738797,0.8358171064275196,0.8499844317832599,0.880514930475044,0.8519380716045742,0.859980814424442,0.836733258085972,0.8560443793309492,0.9343528317775525,0.9241196346584435,0.9129052268051192,0.9286268828208651,0.8991809392026213,0.9188763908201943,0.9200562484457544,0.9087675726782881,0.9071919839137934,0.9176002752905185,0.9342500176553824,0.9276753047042201,0.9503842457938371,0.9389002530062318,0.0,0.9999999987838994,0.9999999987838994,0.9999999987838994,0.9999999987838994,0.0
1.044,0.9999999987838994,0.9999999987838994,2.5232120517478123,0.9999999987838994,0.9999999987838994,0.0,0.673052485672269,0.0,0.42501376947998165,0.7140831567971954,1.0080024348420102,0.9749999708489864,0.6000263938920805,0.27566392763023173,0.7058162134747843,0.8794393283839376,0.8512114051142978,0.7670896722220075,0.8519656364500895,0.8602447605065422,0.8916338430503552,0.9046413684217117,0.8896799002821686,0.9153619731556626,0.898663981256543,0.9215916173915913,0.912873477721136,0.90780914906805,0.893684074102396,0.8900179200564188,0.9110007237865916,0.8955049130586022,0.9221116931140644,0.8985515449576387,0.9343072610780659,0.9202009552430368,0.8922059750134304,0.0,0.9999999987838994,0.9999999987838994,0.9999999987838994,0.9999999987838994,0.0
1.131,0.9999999987838994,0.9999999987838994,0.9999999987838994,0.9999999987838994,0.9999999987838994,0.9999999987838994,0.44999999913004124,0.07521726003640164,0.3750021522428443,0.0,0.5420821043001047,0.42838164046274274,0.7774740138894408,0.8499999999998955,0.6964577223203557,0.7708094138546107,0.8758954189143694,0.803431716861475,0.8620720448218108,0.9210470815807222,0.7811188193211864,0.8919210103360333,0.8814951584630378,0.9094193921944175,0.9043254928002644,0.8694805004568744,0.8984791673042739,0.859394318191802,0.8722849263505351,0.8776439897893247,0.8839025380061084,0.8837222692726732,0.8747633854892705,0.8981961417712626,0.907301208310196,0.9185281567973123,0.9999999987838994,0.8243400485377782,0.9999999987838994,0.9999999987838994,0.9999999987838994,0.9999999987838994,0.0
1.218,0.9999999987838994,0.9999999987838994,0.9999999987838994,0.9999999987838994,0.9999999987838994,0.5226537476318693,1.575370038685073,0.0,0.6511093525914584,0.12667610533388315,0.8283906310441129,0.375341128307232,0.7121683329682503,0.818882040347272,0.7170378606920895,0.6426439649611039,0.8393493894167351,0.8681157851222362,0.8613933547397815,0.7574279374929863,0.9237048491207985,0.8578187307585611,0.8671666444807685,0.8908590140092084,0.8635925325957924,0.8891380192950428,0.8797965025400889,0.8651603598032087,0.8688129669797826,0.8718817872990325,0.8776253016096555,0.8842349984732235,0.8809497299298172,0.8845623737260496,0.8701283429433043,0.9250839475299379,0.9999999987838994,0.9999999987838994,0.9999999987838994,0.9999999987838994,0.9999999987838994,0.9999999987838994,0.0
1.305,0.9999999987838994,0.9999999987838994,0.9999999987838994,0.9999999987838994,0.0,0.9999999987838994,-0.9695486278519485,0.4999695989539913,0.7500271840751386,0.6499998853603779,0.22484429498994632,0.748036760470592,0.7999797932019389,0.0,0.6674330333456717,0.6701559441679035,0.7525876495976753,0.9049051050856287,0.7644812061048203,0.89132110550806,0.8987634398663169,0.9419301883395615,0.8953096546954811,0.8996294401978688,0.8456340689489587,0.8672153602002993,0.8557505717779728,0.8678654863531251,0.8720334326870806,0.8800040300732315,0.8911626595935662,0.8788543029375,0.8958299650517377,0.9088648808585806,0.8922326488715824,0.916215171550747,0.9999999987838994,0.9999999987838994,0.9999999987838994,0.9999999987838994,0.9999999987838994,0.9999999987838994,0.0
1.392,0.9999999987838994,0.9999999987838994,0.9999999987838994,0.9999999987838994,0.9999999987838994,0.8241024262818091,0.29252276725829857,-0.06174776923547073,0.0,-4.6069342956003005,0.7249999951131715,0.6045001889997763,0.8023859134198575,0.7292783347630827,0.6444662731508514,0.781837649440467,0.7866635390862301,0.767695635483407,0.8850457686634936,0.9068326130066425,0.844884449309398,0.7549630505509124,0.8658277438710316,0.8972334095402232,0.8678774411688462,0.8857442912906605,0.8390618492996861,0.8868768181987662,0.8813460795038126,0.8988432413867591,0.8851967569292035,0.9125674531229713,0.9189471120753296,0.9158637917867528,0.9219887761492385,0.0,0.9999999987838994,0.9999999987838994,0.9999999987838994,0.9999999987838994,0.9999999987838994,0.9999999987838994,0.0
1.479,0.9999999987838994,0.9999999987838994,0.9999999987838994,0.9999999987838994,0.9999999987838994,0.0,0.0,0.4753575168033994,0.0,0.5751486908664686,1.0722065195054709,0.7250000000708455,0.17494479707308624,0.6527832322690629,0.9686085414682192,0.6157259127420771,0.8558970908797477,0.8292653584235209,0.8085445664997244,0.8742590459090177,0.9042564278761784,0.9078599490673642,0.895593253321154,0.8729546268462424,0.9065790155687968,0.892713015138551,0.8791308538655309,0.8854099305844491,0.8842403210644236,0.9056389429483708,0.8878802333053405,0.8946752819046281,0.938077302296829,0.9331436380464472,1.0205750910849714,0.9760747525358482,0.9999999987838994,0.9999999987838994,0.9999999987838994,0.9999999987838994,0.9999999987838994,0.9999999987838994,0.0
1.566,0.9999999987838994,0.9999999987838994,0.9999999987838994,0.9999999987838994,0.9999999987838994,0.9999999987838994,0.9999999987838994,0.07726438216478607,0.2249992518378437,0.0,0.72354978795415,0.8999997677329573,0.8779698497016236,0.899769259122217,0.7302326580014479,0.8077771972523573,0.7739971333112287,0.8555416848251942,0.9980030637356532,0.7826407494198951,0.917533504646784,0.888320316423256,0.8473037936189262,0.8816048876679926,0.9484712098897731,0.9421414603889631,0.9354636162283662,0.9183255164089804,0.9324201754152934,0.9387543488553798,0.9299496483296352,0.9485523053132126,0.9513617807819101,0.9663505909071404,0.9999999999999996,0.9999999987838994,0.9999999987838994,0.9999999987838994,0.9999999987838994,0.9999999987838994,0.9999999987838994,0.9999999987838994,0.0
1.653,0.9999999987838994,0.9999999987838994,0.9999999987838994,0.9999999987838994,0.9999999987838994,0.4196362404650827,-0.7856442489476932,0.0,0.34873793898213545,0.7477590091415303,0.6221918797246244,0.9250627490731242,1.124992289336534,0.6888344347327793,0.7767501168808074,1.051796259482805,0.8854544985322613,0.865764247857555,0.8818303187274411,0.8650481081387555,0.7917594832364764,0.8800525778465778,0.9260459060772136,0.8956935891996499,0.9194965739380678,0.9183882458786514,0.9242762379622131,0.9189849809244203,0.9289375729644166,0.9021551755992075,0.9152537475608776,0.9279617883883685,0.9528753998169065,0.9588514978184973,0.9760747525358482,0.9999999987838994,0.9999999987838994,0.9999999987838994,0.9999999987838994,0.9999999987838994,0.9999999987838994,0.9999999987838994,0.0
1.74,0.9999999987838994,0.9999999987838994,0.9999999987838994,0.9999999987838994,0.9999999987838994,0.9999999987838994,0.4249999998124004,0.9999999987838994,0.7157311083257949,0.8821576235716944,0.9249965720016892,0.9435645977456538,0.9804061953213343,0.6522876997596446,1.0603801894220717,0.7943124430898642,0.7185590274759175,0.8183885360094577,0.8588250071724063,0.8547365233731584,0.9076123440718141,0.8682580596921106,0.8467488794990125,0.862453428068101,0.8712819558654712,0.8576716655530284,0.8824621298734364,0.9048159416186203,0.9230657875210732,0.8971936623165252,0.9400419207724484,0.9398784440268855,0.9423842229766688,0.9665514366293915,0.8249999993988135,0.9999999987838994,0.9999999987838994,0.9999999987838994,0.9999999987838994,0.9999999987838994,0.9999999987838994,0.9999999987838994,0.0
1.83,0.9999999987838994,0.9999999987838994,0.9999999987838994,0.9999999987838994,0.9999999987838994,1.0499999999665286,2.325682214009978,1.3251154861199852,0.925646304030762,0.9999999987838994,1.0477277603321937,0.9521775209250176,0.7840858185435076,0.49854153680218055,0.6516882388349408,0.773456961699189,0.7515361205263137,0.8269092776978935,0.9086948686234833,0.8324313029497049,0.9622191225435891,0.8747547442290395,0.865028283241107,0.8823595022042497,0.8892800605350684,0.9079499793789396,0.8994634671843111,0.8914853372081772,0.8881376952739617,0.8999152314088983,0.8983999602225702,0.934333174502489,0.9114955083034603,0.9250744188129407,0.9760747525358482,0.9999999987838994,0.9999999987838994,0.9999999987838994,0.9999999987838994,0.9999999987838994,0.9999999987838994,0.9999999987838994,0.0
1.93,0.9999999987838994,0.9999999987838994,0.9999999987838994,0.9999999987838994,0.9999999987838994,0.9999999987838994,0.9999999987838994,0.4334113618780275,0.45,0.9760747525358482,0.3824629722193043,0.47423615967622046,0.523275410846303,0.6208951726377014,0.9082189000388622,0.8935753033126843,0.6498751838306605,0.8919287201776296,0.816964997153171,0.8603282480897841,0.8645066050069837,0.8214449392911126,0.935460126994108,0.8476382800419154,0.8651717727541862,0.8963504356837728,0.8532083341068625,0.8864796778300356,0.8817092142277893,0.9275861166747981,0.936272946190161,0.9746606527691535,0.9642802632632584,0.9999999987838994,0.9999999987838994,0.9999999987838994,0.9999999987838994,0.9999999987838994,0.9999999987838994,0.9999999987838994,0.9999999987838994,0.9999999987838994,0.0
2.043,0.9999999987838994,0.9999999987838994,0.9999999987838994,0.9999999987838994,0.9999999987838994,0.0,0.5226537476318693,0.9999999987838994,-0.20949634760781138,-0.024018632346226643,0.8741928971640786,0.4,0.47968155412512103,0.6554963257205844,0.6730967360573519,0.7389187094939792,0.8680514827661586,0.7923486875057931,0.8199895425985708,0.7879709784471931,0.8117806543904549,0.793857797769094,0.8837433638276515,0.8609171595152517,0.8581074331826376,0.8626772814366747,0.89483242927532,0.8775492857007774,0.9004757800556534,0.915112858334412,0.9077493490212236,0.9220916607277571,0.9448832684762458,0.0,0.9999999987838994,0.9999999987838994,0.9999999987838994,0.9999999987838994,0.9999999987838994,0.9999999987838994,0.9999999987838994,0.9999999987838994,0.0
2.172,0.9999999987838994,0.9999999987838994,0.9999999987838994,1.2248295602954273,0.9999999987838994,0.8241024262818091,0.0,0.35000000000000003,0.5493983769666421,0.5067042966852082,0.5726333348111783,0.7485763801421618,0.8265104878553159,0.6243956642917088,0.6166034202857185,0.744789853977249,0.6624539737722774,0.8744287723586976,0.8527386153289287,0.8281270073172956,0.8255410451799222,0.8964193236470873,0.8762668832135375,0.8419355466669873,0.8386254711327911,0.8938134755747216,0.9063625638188535,0.8951409777707416,0.8928059597977144,0.9066216157177238,0.9174357065811226,0.9100006525041905,0.9749999998937864,0.0,0.9999999987838994,0.9999999987838994,0.9999999987838994,0.9999999987838994,0.9999999987838994,0.9999999987838994,0.9999999987838994,0.9999999987838994,0.0
2.322,0.9999999987838994,0.9999999987838994,0.9999999987838994,0.9999999987838994,0.5226537476318693,0.0,0.6099717901257306,1.1749999995894518,0.9239014415821786,1.3746558269539682,0.49981024470007135,0.7137585738506317,0.6181142174573594,0.7112977254939755,0.6332214853657521,0.7070694416606063,0.7893842061051344,0.7957978866285298,0.7903136320088398,0.7672763477902937,0.8075337442132778,0.8467937725730157,0.7857723863876882,0.8667313322049748,0.8654662139933197,0.8408705001832347,0.8920947497192612,0.8783511283008395,0.8906720250380571,0.9156067372081201,0.9232489341266845,0.9341179080542976,0.9253447334723058,0.9999999987838994,0.9999999987838994,0.9999999987838994,0.9999999987838994,0.9999999987838994,0.9999999987838994,0.9999999987838994,0.9999999987838994,0.9999999987838994,0.0
2.5,0.9999999987838994,0.9999999987838994,0.9999999987838994,1.5255714490396457,0.9999999987838994,0.9999999987838994,0.9749999999953777,0.32499642868703643,0.5999999994528611,0.8006927986955764,0.8510766231396871,0.4773149158185924,0.6585286114695907,0.86592607431618,0.6971184036724187,0.7114748801901105,0.6299064909276031,0.7074914759998854,0.4871906577042318,0.7186938962159262,0.6765275401670301,0.7347304124043951,0.7614998483825726,0.7555539180930422,0.8003755996014102,0.8106509310386935,0.8257482750168874,0.85546321879429,0.8983731450604842,0.9053049598152603,0.9295029541599769,0.9746609349909803,0.9999999987838994,0.9999999987838994,0.9999999987838994,0.9999999987838994,0.9999999987838994,0.9999999987838994,0.9999999987838994,0.9999999987838994,0.9999999987838994,0.9999999987838994,0.0
2.65,0.9999999987838994,0.9999999987838994,0.9999999987838994,0.9999999987838994,0.4284576730193984,0.0,0.9999999987838994,0.8906919814580921,-0.7975430643622414,0.6449464526177615,0.87957549730054,0.5,0.7499289519751603,0.6775209567842845,0.5211892859264562,0.49008186115078045,0.6346162760496803,0.5412950444393024,0.6626767854297354,0.6733003282347378,0.6826984529917167,0.6445882242345624,0.6984915861102892,0.747168034650747,0.7859496865107283,0.7852647246826977,0.8364353619762497,0.8417490214666061,0.8870556753193474,0.9126396556220382,0.9250000595154366,0.9239014415821786,0.9999999987838994,0.9999999987838994,0.9999999987838994,0.9999999987838994,0.9999999987838994,0.9999999987838994,0.9999999987838994,0.9999999987838994,0.9999999987838994,0.9999999987838994,0.0
2.853,0.9999999987838994,0.9999999987838994,0.9999999987838994,0.9999999987838994,2.024228884423917,0.0,0.0,0.22499925208550273,1.1749524984654423,0.2,0.0,0.4670079203885888,0.0,0.0,0.6138496117950734,0.6543181210563406,0.600912692808362,0.654133019933127,0.6382174261832964,0.657050705676862,0.6449720367436101,0.6010272688178703,0.6842712561649003,0.6958357523591271,0.7114089867168804,0.7589489119449857,0.7412534306581747,0.8013473381530853,0.8115533493669098,0.9762444015087327,0.0,0.9999999987838994,0.9999999987838994,0.9999999987838994,0.9999999987838994,0.9999999987838994,0.9999999987838994,0.9999999987838994,0.9999999987838994,0.9999999987838994,0.9999999987838994,0.9999999987838994,0.0
2.964,0.9999999987838994,0.9999999987838994,0.9999999987838994,0.9999999987838994,0.9999999987838994,0.0,0.0,0.3224871508143987,0.4226220337243315,0.4231576058935613,0.5035041757841844,0.7249056394499465,0.9247900290254926,0.7210876779181844,0.7947943212719053,0.6163011314773682,0.5842751388911885,0.6137203633861926,0.51856341787444,0.6255188738566665,0.6266517446391549,0.6932098596698468,0.6636749986922152,0.7193514414988709,0.6993609831640946,0.7754504269845973,0.7524306094884473,0.7302516689304934,0.816528312584139,0.7749999999236918,0.9999999987838994,0.9999999987838994,0.9999999987838994,0.9999999987838994,0.9999999987838994,0.9999999987838994,0.9999999987838994,0.9999999987838994,0.9999999987838994,0.9999999987838994,0.9999999987838994,0.9999999987838994,0.0
3.139,0.9999999987838994,0.9999999987838994,0.9999999987838994,0.9999999987838994,1.1749524984654423,0.0,0.0,0.0,-0.5985010278484746,1.0746626326950655,0.0,0.7656947948667153,0.5248201422883408,0.719784071380704,0.5436861963999947,0.7591808870972135,0.7747115773426867,0.7694278863643115,0.608323964747418,0.8418719555645061,0.8031269630650992,0.8251802858632726,0.9074768719589448,0.8956413738233754,0.942919638515534,0.9137503492981791,0.9599106664627102,0.9887578099803964,1.0546178000505135,0.9760747525358482,0.9999999987838994,0.9999999987838994,0.9999999987838994,0.9999999987838994,0.9999999987838994,0.9999999987838994,0.9999999987838994,0.9999999987838994,0.9999999987838994,0.9999999987838994,0.9999999987838994,0.9999999987838994,0.0
3.314,0.9999999987838994,0.9999999987838994,0.9999999987838994,0.9999999987838994,0.9999999987838994,0.9999999987838994,0.4726369311502881,0.8622681570486316,0.8249999422779867,0.8745612405852836,0.7763001195339304,0.7778061310525901,0.8415803833574599,1.0795596946566042,0.7450651221623475,0.7622869223388608,0.8230573742509226,0.7878372776100915,0.8084548801400864,0.8107817083301119,0.8797530206748623,0.8263200011646324,0.8738130328315405,0.7749332462327223,0.881358569427536,0.9071690524803447,0.9676375131857993,0.9983349209243125,0.9835450113249422,0.9999999987838994,0.9999999987838994,0.9999999987838994,0.9999999987838994,0.9999999987838994,0.9999999987838994,0.9999999987838994,0.9999999987838994,0.9999999987838994,0.9999999987838994,0.9999999987838994,0.9999999987838994,0.9999999987838994,0.0
3.489,0.9999999987838994,0.9999999987838994,0.9999999987838994,0.9999999987838994,0.9999999987838994,0.0,1.4215118992693134,0.9999999987838994,1.0000000001135423,1.0989946705606362,0.6164766462426727,1.2249999999997843,0.8210041313874782,0.9079713877415838,0.5911678537863672,0.7767674270385806,0.8040484906557273,0.7776504328961922,0.8095900862978999,0.8425690038976896,0.9180297434543749,0.8276375880834276,0.9142654514549614,0.8990554951418237,0.9468193216804164,0.9049147754255484,0.9048413320016072,0.9749576500321084,1.0746626326950655,0.9999999987838994,0.9999999987838994,0.9999999987838994,0.9999999987838994,0.9999999987838994,0.9999999987838994,0.9999999987838994,0.9999999987838994,0.9999999987838994,0.9999999987838994,0.9999999987838994,0.9999999987838994,0.9999999987838994,0.0
3.664,0.9999999987838994,0.9999999987838994,0.9999999987838994,1.7999999999816576,1.3251154861199852,0.9999999987838994,1.2839613284396034,1.0746626326950655,0.9999999999531931,0.521962283734908,1.5207851825999976,0.8499999999996777,0.890876805159284,0.0,0.9248839095330311,0.860372286798392,0.8290517711963936,0.7483060310313934,0.87034127908258,0.8927578789265154,0.9242324819645293,0.8837692637205973,0.8624592828623521,0.9293054165981938,0.9434699575294911,0.9323294464447224,0.9993787220073754,0.925000000003591,0.9999999987838994,0.9999999987838994,0.9999999987838994,0.9999999987838994,0.9999999987838994,0.9999999987838994,0.9999999987838994,0.9999999987838994,0.9999999987838994,0.9999999987838994,0.9999999987838994,0.9999999987838994,0.9999999987838994,0.9999999987838994,0.0
3.839,0.9999999987838994,0.9999999987838994,0.9999999987838994,0.9999999987838994,0.9999999987838994,0.9999999987838994,0.974999999996048,0.5499944719624817,1.5196809399466502,0.9999999987838994,0.8522334987790954,0.9271888278504319,1.0499999999999974,0.9754544996087945,0.9099587030335019,0.7878328306018398,0.8432913511922742,0.8601324382132067,0.8055767692070335,0.8885635773752417,0.9704715291129539,0.9489123682515503,0.8509307862612067,0.9831314292862445,0.9823339036195626,0.9821920420686362,0.9400100621721882,0.0,0.9999999987838994,0.9999999987838994,0.9999999987838994,0.9999999987838994,0.9999999987838994,0.9999999987838994,0.9999999987838994,0.9999999987838994,0.9999999987838994,0.9999999987838994,0.9999999987838994,0.9999999987838994,0.9999999987838994,0.9999999987838994,0.0
4.013,0.9999999987838994,0.9999999987838994,0.9999999987838994,0.9999999987838994,0.9999999987838994,0.0,0.625039164915471,0.0,0.8782373763634961,0.7749999996642767,0.0,0.8540277921355063,0.8220261417928288,0.0,0.833344801889422,0.9651066516393207,0.9389227752287332,0.9300151210336214,0.6619486034256716,0.8586250796232553,0.9239775823516571,0.8535602871734589,0.8776324223645677,0.8991787415243215,1.0499999992094637,0.8749999999995886,0.9999999987838994,0.9999999987838994,0.9999999987838994,0.9999999987838994,0.9999999987838994,0.9999999987838994,0.9999999987838994,0.9999999987838994,0.9999999987838994,0.9999999987838994,0.9999999987838994,0.9999999987838994,0.9999999987838994,0.9999999987838994,0.9999999987838994,0.9999999987838994,0.0
4.191,0.9999999987838994,0.9999999987838994,0.9999999987838994,0.9999999987838994,0.9999999987838994,0.0,0.9999999987838994,0.9999999987838994,0.9239014415821786,0.8251352163423938,0.7249990842567694,0.8498593494870155,0.8625545973070583,0.7678052781333965,0.7013056921324847,0.8081472288031278,0.8811819322888498,0.8082675928701513,0.9514714023916419,0.8318535121390771,0.8826608429537358,0.885492300908701,0.9327577133360069,0.8476946229366359,0.9256770001416729,0.0,0.9999999987838994,0.9999999987838994,0.9999999987838994,0.9999999987838994,0.9999999987838994,0.9999999987838994,0.9999999987838994,0.9999999987838994,0.9999999987838994,0.9999999987838994,0.9999999987838994,0.9999999987838994,0.9999999987838994,0.9999999987838994,0.9999999987838994,0.9999999987838994,0.0
4.363,0.9999999987838994,0.9999999987838994,0.9999999987838994,0.9999999987838994,0.9999999987838994,0.9999999987838994,-0.5485030119502172,0.6250000576376037,0.0,0.5225830170850196,0.8477147911353117,0.8486365300158146,0.7500517370614509,0.9674555393456709,0.6975645886330515,0.785016447849494,0.807054388888224,0.8088616515910241,0.8394433669581913,0.8812363783513114,0.8576915946061813,0.9000000001249541,0.8499999998909389,0.7749999999236918,0.7790641261942195,0.9999999987838994,0.9999999987838994,0.9999999987838994,0.9999999987838994,0.9999999987838994,0.9999999987838994,0.9999999987838994,0.9999999987838994,0.9999999987838994,0.9999999987838994,0.9999999987838994,0.9999999987838994,0.9999999987838994,0.9999999987838994,0.9999999987838994,0.9999999987838994,0.9999999987838994,0.0
4.538,0.9999999987838994,0.9999999987838994,0.9999999987838994,0.9999999987838994,0.9999999987838994,0.9999999987838994,0.0,0.0,0.0,0.6749999999874484,0.0,0.0,0.8249689811275497,0.2752946954883481,0.7327621451711033,0.741406804130696,0.6961395414906779,0.9044871715242077,0.7469905292920039,0.7746560673508271,0.8249999999462072,0.8087538489954011,0.8938660900136205,0.9236022923744591,0.0,0.9999999987838994,0.9999999987838994,0.9999999987838994,0.9999999987838994,0.9999999987838994,0.9999999987838994,0.9999999987838994,0.9999999987838994,0.9999999987838994,0.9999999987838994,0.9999999987838994,0.9999999987838994,0.9999999987838994,0.9999999987838994,0.9999999987838994,0.9999999987838994,0.9999999987838994,0.0
4.716,0.9999999987838994,0.9999999987838994,0.9999999987838994,0.9999999987838994,0.9999999987838994,0.9999999987838994,0.9999999987838994,0.0,0.8250000000035076,0.0,0.0,0.7263228337505495,0.5263397033291615,0.9999999987838994,0.7597808934174268,0.6106394231784572,0.3749743269330789,0.4985703374922314,0.6613968661998654,0.6065398227317688,0.5397272553270069,0.5274834521536786,0.7499999999994946,0.9999999987838994,0.9999999987838994,0.9999999987838994,0.9999999987838994,0.9999999987838994,0.9999999987838994,0.9999999987838994,0.9999999987838994,0.9999999987838994,0.9999999987838994,0.9999999987838994,0.9999999987838994,0.9999999987838994,0.9999999987838994,0.9999999987838994,0.9999999987838994,0.9999999987838994,0.9999999987838994,0.9999999987838994,0.0
4.889,0.0,0.0,0.0,0.0,0.0,0.0,0.0,0.0,0.0,0.0,0.0,0.0,0.0,0.0,0.0,0.0,0.0,0.0,0.0,0.0,0.0,0.0,0.0,0.0,0.0,0.0,0.0,0.0,0.0,0.0,0.0,0.0,0.0,0.0,0.0,0.0,0.0,0.0,0.0,0.0,0.0,0.0,0.0
